insert into autor('id', 'nombre')  values(1, 'Albert Einstein')
insert into cita(id, cita, id_autor) values(1, '“The world as we have created it is a process of our thinking. It cannot be changed without changing our thinking.”', 1)
insert into etiqueta('id', 'nombre') values(1, 'change')
insert into cita_etiqueta('id_cita', 'id_etiqueta') values(1, 1)
insert into etiqueta('id', 'nombre') values(2, 'deep-thoughts')
insert into cita_etiqueta('id_cita', 'id_etiqueta') values(1, 2)
insert into etiqueta('id', 'nombre') values(3, 'thinking')
insert into cita_etiqueta('id_cita', 'id_etiqueta') values(1, 3)
insert into etiqueta('id', 'nombre') values(4, 'world')
insert into cita_etiqueta('id_cita', 'id_etiqueta') values(1, 4)
insert into autor('id', 'nombre')  values(2, 'J.K. Rowling')
insert into cita(id, cita, id_autor) values(2, '“It is our choices, Harry, that show what we truly are, far more than our abilities.”', 2)
insert into etiqueta('id', 'nombre') values(5, 'abilities')
insert into cita_etiqueta('id_cita', 'id_etiqueta') values(2, 5)
insert into etiqueta('id', 'nombre') values(6, 'choices')
insert into cita_etiqueta('id_cita', 'id_etiqueta') values(2, 6)
insert into cita(id, cita, id_autor) values(3, '“There are only two ways to live your life. One is as though nothing is a miracle. The other is as though everything is a miracle.”', 1)
insert into etiqueta('id', 'nombre') values(7, 'inspirational')
insert into cita_etiqueta('id_cita', 'id_etiqueta') values(3, 7)
insert into etiqueta('id', 'nombre') values(8, 'life')
insert into cita_etiqueta('id_cita', 'id_etiqueta') values(3, 8)
insert into etiqueta('id', 'nombre') values(9, 'live')
insert into cita_etiqueta('id_cita', 'id_etiqueta') values(3, 9)
insert into etiqueta('id', 'nombre') values(10, 'miracle')
insert into cita_etiqueta('id_cita', 'id_etiqueta') values(3, 10)
insert into etiqueta('id', 'nombre') values(11, 'miracles')
insert into cita_etiqueta('id_cita', 'id_etiqueta') values(3, 11)
insert into autor('id', 'nombre')  values(3, 'Jane Austen')
insert into cita(id, cita, id_autor) values(4, '“The person, be it gentleman or lady, who has not pleasure in a good novel, must be intolerably stupid.”', 3)
insert into etiqueta('id', 'nombre') values(12, 'aliteracy')
insert into cita_etiqueta('id_cita', 'id_etiqueta') values(4, 12)
insert into etiqueta('id', 'nombre') values(13, 'books')
insert into cita_etiqueta('id_cita', 'id_etiqueta') values(4, 13)
insert into etiqueta('id', 'nombre') values(14, 'classic')
insert into cita_etiqueta('id_cita', 'id_etiqueta') values(4, 14)
insert into etiqueta('id', 'nombre') values(15, 'humor')
insert into cita_etiqueta('id_cita', 'id_etiqueta') values(4, 15)
insert into autor('id', 'nombre')  values(4, 'Marilyn Monroe')
insert into cita(id, cita, id_autor) values(5, '“Imperfection is beauty, madness is genius and it´s better to be absolutely ridiculous than absolutely boring.”', 4)
insert into etiqueta('id', 'nombre') values(16, 'be-yourself')
insert into cita_etiqueta('id_cita', 'id_etiqueta') values(5, 16)
insert into cita_etiqueta('id_cita', 'id_etiqueta') values(5, 7)
insert into cita(id, cita, id_autor) values(6, '“Try not to become a man of success. Rather become a man of value.”', 1)
insert into etiqueta('id', 'nombre') values(17, 'adulthood')
insert into cita_etiqueta('id_cita', 'id_etiqueta') values(6, 17)
insert into etiqueta('id', 'nombre') values(18, 'success')
insert into cita_etiqueta('id_cita', 'id_etiqueta') values(6, 18)
insert into etiqueta('id', 'nombre') values(19, 'value')
insert into cita_etiqueta('id_cita', 'id_etiqueta') values(6, 19)
insert into autor('id', 'nombre')  values(5, 'André Gide')
insert into cita(id, cita, id_autor) values(7, '“It is better to be hated for what you are than to be loved for what you are not.”', 5)
insert into cita_etiqueta('id_cita', 'id_etiqueta') values(7, 8)
insert into etiqueta('id', 'nombre') values(20, 'love')
insert into cita_etiqueta('id_cita', 'id_etiqueta') values(7, 20)
insert into autor('id', 'nombre')  values(6, 'Thomas A. Edison')
insert into cita(id, cita, id_autor) values(8, '“I have not failed. I´ve just found 10,000 ways that won´t work.”', 6)
insert into etiqueta('id', 'nombre') values(21, 'edison')
insert into cita_etiqueta('id_cita', 'id_etiqueta') values(8, 21)
insert into etiqueta('id', 'nombre') values(22, 'failure')
insert into cita_etiqueta('id_cita', 'id_etiqueta') values(8, 22)
insert into cita_etiqueta('id_cita', 'id_etiqueta') values(8, 7)
insert into etiqueta('id', 'nombre') values(23, 'paraphrased')
insert into cita_etiqueta('id_cita', 'id_etiqueta') values(8, 23)
insert into autor('id', 'nombre')  values(7, 'Eleanor Roosevelt')
insert into cita(id, cita, id_autor) values(9, '“A woman is like a tea bag; you never know how strong it is until it´s in hot water.”', 7)
insert into etiqueta('id', 'nombre') values(24, 'misattributed-eleanor-roosevelt')
insert into cita_etiqueta('id_cita', 'id_etiqueta') values(9, 24)
insert into autor('id', 'nombre')  values(8, 'Steve Martin')
insert into cita(id, cita, id_autor) values(10, '“A day without sunshine is like, you know, night.”', 8)
insert into cita_etiqueta('id_cita', 'id_etiqueta') values(10, 15)
insert into etiqueta('id', 'nombre') values(25, 'obvious')
insert into cita_etiqueta('id_cita', 'id_etiqueta') values(10, 25)
insert into etiqueta('id', 'nombre') values(26, 'simile')
insert into cita_etiqueta('id_cita', 'id_etiqueta') values(10, 26)
